"","None","Random"
"Body",1,6.25366469312943e-14
"Tail",1,0.13969854478639
"PRC",1,0.82684140314049
"FRESEV",1,0.759258445008794
"TYPEIMP",1,0.00165044924050738
